LANGUAGE, French,
STRM_briefing_name,TTS Island Life,
STRM_mission_description,tts.host22.com,
STRS_hints_vehicle_information,VEHICLE INFORMATION:\n\nName: %4\nType: %1\ndirection: %2\nHeight ASL: %3m\nDriver: %5\nFree Cargo: %6\nlength: %7m,
STRS_functions_crimelog_msg12,Speeding,
STRS_anfang_laden,Joining Game... \nPlease Wait.
STRS_anfang_02,"Bienvenue sur TTS-Serveur"
STRS_anfang_03,"Jouez RP"
STRS_anfang_04,"Bon jeux à tous !"
STRS_anfang_05_civ,"civil debug 1"
STRS_anfang_05_cop,
STRS_anfang_cop_loadout,
STRS_anfang_06,""
STRS_check_civ_in_terrorbase,Vous entrez dans le camp des terroristes.
STRS_southChernarus_area,Vous n'avez pas de competence dans ce domaine. Faite demi-tour!
STRS_prohibited_area,Demi-tour !
STRS_verbotene_zone_teleport,Vous etes entrer dans une zone interdite et avez été teleporté vers votre zone de respawn.
STRS_hunger_verhungern,Vous etes affamé.,
STRS_arbeiter_in_copbase,Une de vos putes etais trop proche du poste de police.,
STRS_arbeiter_in_terrorbase,Une de vos putes etais trop proche du camp terroriste.,
STRS_dead_player_is_dead_civ,Vous etes mort,
STRS_dead_player_is_dead_cop,Vous etes mort,
STRS_slave_zuviele,Vous ne pouvez pas acheter de plus d'esclaves!!,
STRS_slave_nomoney,Vous ne pouvez pas payer un esclave ... Peut-etre que vous devriez etre un esclave!!.,
STRS_slave_gekauft," ""%1"," Vous avez acheter un esclave pour $%2. Emmenez-le a un lieu de travail et il vous fera gagner de l'argent."" "
STRS_slave_moneyaction,Prenez ce que cet esclave vous a fait gagner.,
STRS_slave_tot,Un de vos esclaves est mort! Protegez-les à l'avenir!,
STRS_slave_geldabnahme_ja,Cet esclave vous a fait gagner $%1.,
STRS_slave_geldabnahme_nein,Cet esclave n'a pas d'argent!!.,
STRS_huren_zuviele,Vous ne pouvez pas acheter plus de putes!,
STRS_huren_nomoney,Vous n'avez pas asser d'argent pour vous payer une pute!.,
STRS_huren_moneyaction,Prendre la tune de la pute.,
STRS_huren_tot,Une de vos putes est morte! Protegez-les a l'avenir!
STRS_huren_geldabnahme_ja,Cette pute vous a fait gagner $%1.,
STRS_huren_geldabnahme_nein,Cette pute n'a pas d'argent, donner lui une bonne leçon!!.,
STRS_arbeiter_gekauft,"%1, un nouveau travailleur est de votre equipe. vous avez payer $%2. Amenez-le a un lieu de travail afin de lui faire gagner de l'argent.",
STRS_arbeiter_moneyaction,Prendre l'argent de votre travailleur.,
STRS_arbeiter_tot,Un travailleur de votre equipe est mort!!,
STRS_arbeiter_geldabnahme_ja,Vous avez $%1 a partir de votre travailleur.,
STRS_arbeiter_geldabnahme_nein,Le travailleur ne dispose pas actuellement d'argent.,
STRS_arbeiter_meister,Ce travailleur travaille pour %1.,
STRS_arbeiter_copaction,Pour qui travaillez-vous pour?,
STRS_arbeiter_zuviele,Vous ne pouvez pas acheter plus de travailleur,
STRS_arbeiter_nomoney,Vous ne pouvez pas payer un travailleur. Revenez plus tard.,
STRS_inventar_beschreibung_bankversicherung,Une assurances Banquaire vous empeche de perdre de l'argent quand quelqu'un vole la banque. Chaque fois que la banque se fait voler une assurance banquaire sera utilise. Si vous posseder 2 Assurances banquaire cela signifie que vous ne perdez pas d'argent la prochaine fois que la Banque est voler..,
STRS_dead_menuentry_hints,Stats,
STRS_dead_menuentry_inventar,Inventaire,
STRS_dead_menuentry_animation,Animations,
STRS_addAction_copstorage1,Stockage priver,
STRS_addAction_copstorage2,Stockage public,
STRS_addaction_freecam,Camera satellite,
STRS_addaction_defuse,Desamorcer la bombe,
STRS_addaction_bank_license,Acheter l'assurance banquaire pour $%1,
STRS_addaction_civcammenu,Ouvrir camera civil,
STRS_addAction_copmenu,Ouvrir menu police,
STRS_addAction_copmenulite,Menu police a pied,
STRS_addaction_jailcam,Camera de la prison,
STRS_addaction_buy_drugs,Ouvrir le menu d'achat de drogue,
STRS_addaction_sell_drugs,Vente de drogue,
STRS_addaction_weather,Weather Forecast,
STRS_addaction_shootingrange,Shooting Range $%1,
STRS_addaction_prisonrelease,Wanted/Prison Menu,
STRS_addaction_bail,Payer son bail,
STRS_addaction_buy_worker,Acheter des travailleurs pour $%1,
STRS_addaction_buy_slave,Achetez un esclave pour $%1,
STRS_addaction_buy_hideout,Menu magazin de campement,
STRS_addaction_race_join,Rejoindre la course de rue $%1,
STRS_addaction_buy_shop,Acheter %1 pour $%2,
STRS_addaction_buy_rank,Bribe Soudoyer le chef adjoint de la police d'obtenir un couteau dans le %1 pour $%2,
STRS_addaction_switch_copmarker,Marqueur police on/off,
STRS_addaction_radio_on,Switch Radio On/Off,
STRS_addaction_vehicleinfo,Vehicle information,
STRS_addaction_courierjob,Obtenez un Courrier d'emploi!,
STRS_addaction_hideout_addon1,Hideout: Medic Add-on $%1,
STRS_addaction_hideout_addon2,Hideout: Teleport Add-on $%1,
STRS_addaction_hideout_addon3,Hideout: On-line Banking Add-on $%1,
STRS_addaction_hideout_addon4,Reparer camp $%1,
STRS_addaction_hideout_addon5,Verrouiler le camp,
STRS_addaction_hideout_healaddon_use,Soigner,
STRS_addaction_hideout_bankaddon_use,Services bancaires en ligne,
STRS_addaction_hideout_ablage,Stockage du camp,
STRS_addAction_bank_balance,Solde du compte,
STRS_addAction_bank_dialog,Menu de banque,
STRS_addaction_civmenu,Interaction %1 (%2),
STRS_addaction_restrainciv,Menotter %1 (%2),
STRS_action_hideoutowner,Afficher le proprietaire du camp,
STRS_addaction_gildenmenu,Menu des gangs,
STRD_description_gildegruenden_hinweis," ""Note: Le nom ne doit pas contenir des citations! Frais de creation est de 25.000 $. Si vous quittez et rejoingnez le jeu, vous devez rejoindre a nouveau la bande. Les gangs ne peuvent avoir que 8 membres.""",
STRD_description_gildeverwalten_sperren_submit," ""Mettre a jour""",
STRD_description_gildeverwalten_sperren_header," ""Rejoindre est autoriser ?""",
STRS_addaction_removesperre,Supprimer Roadblock/Spikestrip,
STRS_addaction_sirene,Sirene On/Off,
STRS_addaction_lightbar,Lumiere On/Off,
STRS_addaction_lock,Verouiller/Deverouiller,
STRS_addaction_crimelog,Fichier de police,
STRS_addaction_trunk,Coffre,
STRS_addaction_trunk_see,Regarder le coffre,
STRS_addaction_trunk_check,Inspecter le vehicule,
STRS_camciv_nomoney,La camera civil a ete supprimer.,
STRS_civcam_notwanted,Vous regardez %1. Il n'est pas rechercher.,
STRS_civcam_wanted,Vous regardez %1. Il est rechercher !!!!,
STRS_deadcam_deadwait_civ,Vous etes mort %1 fois et suicider %5 fois, vous devez attendre %2 secondes pour respawn. Vous devez egalement attendre %4 secondes de plus pour respawn. (Pour tout les crimes que vous avez commis).,
STRS_deadcam_deadwait_cop,"Vous devez attendre 30 secondes pour respawn, plus 30 secondes pour tout les joueurs que vous avez tuer.\nVotre temps de reapparition de ce cycle est de %1 secondes.\nPour eviter un niveau record de respawn,Tazer ou arettez les civils au lieu de les tuer. ",
STRS_civmenu_stehlen_copzunah,Vous ne pouvez pas voler quoi que ce soit comme un flic est a proximiter.,
STRS_civmenu_stehlen,Vous etes en train de voler de l'argent de ce joueur! S'il vous plait attendez cinq secondes pour obtenir l'argent.,
STRS_civmenu_distance,Vous etes trop loin du Civil ou il est mort,
STRS_civmenu_wantedbonus,C'etait une personne rechercher. Vous obtenez un bonus de $%1,
STRS_civmenu_kopfgeld,Sur cette personne, il y avait une prime de $%1,
STRS_civmenu_hasnodrugs,Le civil n'a pas de drogue.,
STRS_civmenu_hasdrugs,"%1 a de la drogue, Vous lui confisquer. Vous devez mettre %1 en prison pour %2 minutes ou lui donner une amende de $%3. ",
STRS_civmenu_disarm,Vous desarmer %1!.,
STRS_civmenu_buy_disarm_nomoney,Vous ne pouvez pas lui enlever ses armes.,
STRS_civmenu_disarm_notarmed,Cette personne n'est pas armer.,
STRS_civmenu_arrested,Arrestation en cours %1...,
STRS_civmenu_ticketinuse,Vous avez fais une erreur dans l'ecriture de l'amende,
STRS_civmenu_gaveticket,Vous donnez a %1 une amende de $%2.,
STRS_civmenu_didpayticket,%1 a payer l'amende de $%2.,
STRS_civmenu_didpaynothing,%1 decide de ne pas payer l'amende.,
STRS_civmenu_ticket_globalchat,%3 donne une amende de $%2 a %1,
STRS_civmenu_didnotpayticket,%1 n'a pas asser d'argent payer l'amende de $%2,
STRS_civmenu_youdidnotpay,Vous n'avez pas payer l'amende.,
STRS_civmenu_copnotarmed,Vous avez besoin d'une arme pour faire cet action.,
STRS_civmenu_heal,Vous soignez %1.,
STRS_civmenu_panic,Boutton panique de %1 est activer.,
STRS_inventory_checknohands,Le civil n'a pas les mains sur la tete ou n'est pas assomer.,
STRS_inventory_checknohandszip,Le civil n'a pas les mains sur la tete ou n'est pas assomer.,
STRS_inventory_checkstring,His Licenses:\n\nHandgunlicense: %1\nRiflelicense: %2\nHeavygunlicense: %3\nSniperriflelicense: %4\n\nCarlicense: %5\nPickuplicense: %6\nTrucklicense: %7\nArmoredlicense: %8\nBoatlicense: %9\nAirlicense: %10\nOillicense: %11\nTobaccolicense: %12\nAlcohollicense: %13\n\nBuilderlicense: %14\n\nPassportlicense: %15\n\nBodyGuardlicense: %16\n\nIllegal Objects - Amount:\n\n%17,
STRS_civmenucheck_beendisarmed,Vous avez ete desarmer.,
STRS_civmenucheck_beendrugsearched,Votre drogue est confisquer.,
STRS_civmenucheck_ticketrest,You still owe the Cops $%1,
STRS_civmenucheck_ticketself,Vous payez l'amende de $%1.,
STRS_civmenucheck_youarehealed,Vous avez ete soigner par la police,
STRS_civmenucheck_removeddrugs,La police a trouver votre drogue et la bruler.,
STRS_civmenucheck_haddrugs,%1 a trouver une valeur de $%2 de drogue,
STRS_civmenucheck_arrested_self,Vous avez ete arreter pour %1 Minutes. Quand vous aurer purger votre peine vous serer teleporter ailleurs, Vous pouvez vous echapper en helicoptere.,
STRS_civmenucheck_arrested_global,%1 est arreter par %2 pour %3 minute(s),
STRS_civmenucheck_free_global,%1 a purger sa peine en prison et est a nouveau libre,
STRS_civmenucheck_free_self,Vous etes libre maintenant. Ne faite pas quelque chose de mal ou vous serez arretes de nouveau.,
STRS_civmenucheck_breakout,%1 ses echapper de la prison,
STRS_civmenucheck_stolen,Vous avez voler $%1 a cette personne!,
STRS_civmenucheck_stolenpub,Quelqun est en train de voler %1!,
STRS_dialogcivmenu_arrest,Arreter pour %1 min(s),
STRS_dialogcivmenu_ticket,Amende  $%1,
STRS_dialogandere_bankdialog_you,Vous,
STRS_dialogandere_gilden_keinleader,Vous n'etes pas le chef d'un gang de sorte que vous ne pouvez pas utiliser ce menu,
STRS_dialogandere_itemshop,Votre argent courant est de $%1,
STRS_geld_countdown,%1 Minute(s) avant votre paie.,
STRS_geld_were,etaient,
STRS_geld_nowere,n'etaient pas,
STRS_geld_unimsg,En raison de votre formation universitaire vous avez gagner $%1 d'extra.,
STRS_geld_hideoutextramoney,En raison de votre planque vous obtenez $%1 de plus.,
STRS_geld_civmoneyadd,"%1, Vous recevez une paie de $%2. L'argent est transferer sur votre compte banquaire.",
STRS_geld_copmoneyadd,"%1, Vous recevez une paie de $%2. L'argent est transferer sur votre compte banquaire.",
STRS_geld_paycheckdead,Vous avez manquer une paie parceque vous etes mort.,
STRD_description_onloadintro,ZLR,
STRD_description_onloadmission,ZLR,
STRD_description_param1,MMarqueur de ville,
STRD_description_time,TimeSkipInterval[Day|Night],
STRD_description_on,on,
STRD_description_off,off,
STRD_description_cancel,Annuler,
STRD_description_buyitem_close,Fermer,
STRD_description_submit,Soumettre,
STRD_description_weapon_submit,Acheter cette arme!,
STRD_description_civcam_title,Chernarus Camera Systemes,
STRD_description_civcam_chooseciv,Choisissez le civil:,
STRD_description_civcam_dauer,Durer:,
STRD_description_civcam_cost,Prix:,
STRD_description_civcam_submit,Le regarder,
STRD_description_carshop_submit,Acheter ce vehicule,
STRD_description_civmenu_disarm,Desarmer,
STRD_description_civmenu_steal,Voler le porte monnaie,
STRD_description_civmenu_drugs,Chercher de la drogue,
STRD_description_civmenu_arrest,Aretter,
STRD_description_civmenu_ticket,Amende,
STRD_description_civmenu_heal,Verifier license,
STRD_description_civmenu_inventar,Regarder l'inventaire,
STRD_description_civmenu_ZipTie,Menotter/Liberer,
STRD_description_civmenu_header,Menu-Civil,
STRD_description_wantedrelease_cost,Enter la prime:,
STRD_description_wantedrelease_setwantedmenu,Ouvrir le wanted menu,
STRD_description_wantedrelease_prisonrelease_title,Menu de liberation,
STRD_description_wantedrelease_submit,Le liberer,
STRD_description_wantedrelease_submit_unwanted,Retirer,
STRD_description_bail_pay,Payer caution,
STRD_description_bail_cost,Caution,
STRD_description_spielerinfo_header,Info du joueur,
STRD_description_spielerinfo_select,Selectionner le joueur,
STRD_description_spielerinfo_name,Nom du joueur:,
STRD_description_spielerinfo_deaths,Nombre de mort:,
STRD_description_spielerinfo_wanted,Wanted:,
STRD_description_spielerinfo_kopfgeld,Prime:,
STRD_description_bombenconfig_header,Config vitesse de la voiture pieger,
STRD_description_bombenconfig_speed,Vitesse:,
STRD_description_bombenconfig_speed2,Durer:,
STRD_description_bombenconfig_plant,Placer la bombe,
STRD_description_zeitbombenconfig_header,Config le temps de detonation,
STRD_description_zeitbombenconfig_zeit,Temps:,
STRD_description_hideout_submit,Acheter camp,
STRD_description_schluessel_header,Porte clé,
STRD_description_schluessel_wegwerfen,Jetez la clé pour toujours,
STRD_description_handy_title,Ecrire SMS,
STRD_description_handy_cost,Prix: $%1,
STRD_description_handy_submit,Envoyer,
STRD_description_itemmenu_title,Acheter Items,
STRD_description_itemmenu_title2,Vendre Items,
STRD_description_inventar_gewicht,Pois de l'item unique/global:,
STRD_description_spielerliste_header,Statistiques,
STRD_description_gildegruenden_header,Creer un nouveau Gang,
STRD_description_gildegruenden_submit,Creer!,
STRD_description_gildegruenden_name,Nom du gang:,
STRD_description_gildeverwalten_header,Gerer Gang,
STRD_description_gildeverwalten_rauswerfen_header,Kick un membre,
STRD_description_gildeverwalten_rauswerfen_submit,Kick!,
STRD_description_gildehauptmenu_header,Gangs,
STRD_description_gildehauptmenu_button_join,Rejoindre Gang,
STRD_description_gildehauptmenu_button_manage,Gerer Gang,
STRD_description_gildehauptmenu_button_leave,Quitter Gang,
STRD_description_gildehauptmenu_button_create,Creer Gang,
STRD_description_factory_manifacture_header,Usine,
STRD_description_factory_manifacture,Production,
STRD_description_close,Fermer,
STRD_description_janein_header,SVP comfirmer,
STRD_description_ja,Oui,
STRD_description_nein,Non,
STRD_janein_header,SVP comfirmer,
STRD_stunned_dialogbutton,se lever,
STRS_handlerdeadpub_civkilled,Vous avez tuer %1! Il n'etait pas recherche vous devez payer $%2 de compensation.,
STRS_handlerdeadpub_kopfgeld_youkilled,Vous avez tuer %1! Il avait une prime de $%2,
STRS_handlerdeadpub_kopfgeld_kill,Vous avez tuer un civil rechercher vous gagnez $%1 de bonus.,
STRS_handlerdeadpub_copkilled,Vous avez tuer %1! Vous etes maintenant rechercher!,
STRS_handlerdeadpub_copkilledbycop,Vous avez tuer un membre de votre equipe : %1!,
STRS_handlerdeadpub_suicide,Vous vous etes sucider...,
STRS_konvoy_start,Un camion de ravitaillement est sur le chemin de la base de police.,
STRS_konvoy_arrived,Le camion de ravitaillement a atteint la base de la police..,
STRS_konvoy_hijacked,Le camion de ravitaillement a ete detourner! Le pilote est mort!,
STRS_konvoy_destroyed,Le camion de ravitaillement a ete detourner! Le pilote est mort!!,
STRS_konvoy_civarrived,Le Convoi detourne a atteint le repaire des rebelles,
STRS_Konvoymarker,Camion,
STRS_bankvanmarker,Fourgon,
STRS_kopfgeld_kein_kopfgeld_entfernen,Il n'y a pas de prime sur sa tete.,
STRS_kopfgeld_entfernt,La prime de %1 a ete supprimler. Il n'est plus rechercher.,
STRS_kopfgeld_nokopfgeld,Vous ne pouvez pas ajouter %1 a la liste des recherchers.,
STRS_kopfgeld_nomoney,Vous n'avez pas asser d'argent.,
STRS_kofpgeld_set,Vous ajouter une prime de $%2 sur %1.,
STRS_kopfgeld_publicmsg,%1 definit une prime de $%2 sur la tete de Civ%3s . C'est une prime de $%4 au total (Le policier qui arrete cette personne peux recevoir la prime).,
STRS_kopfgeld_notself,Vous ne pouvez pas vous enlever vous meme de la wanted liste.,
STRS_switchedcopmarker,Vous avez maintenant le marqueur de %1.,
STRS_Off,off,
STRS_On,on,
STRS_statdialog_playerinfo,J O U E U R - I N F O:,
STRS_statdialog_playerlist,J O U E U R S:,
STRS_statdialog_licenselist,L I C E N S E S:,
STRS_statdialog_other,A U T R E:,
STRS_statdialog_inventarlist,I N V E N T A I R E:,
STRS_statdialog_waffen,A R M E S:,
STRS_statdialog_magazine,C H A R G E U R S:,
STRS_statdialog_gildenlist,G A N G S:,
STRS_statdialog_laws,L O I S:,
STRS_statdialog_regierung,Gouverneur:,
STRS_statdialog_chief,Chef de la Police:,
STRS_statdialog_taxes,T A X E S:,
STRS_stat_regierung,Government Gang-ID:,
STRS_statdialog_money,Argent,
STRS_statdialog_hunger,Nourritures,
STRS_statdialog_thirst,Eau,
STRS_statdialog_health,Soin,
STRS_statdialog_speed,Vitesse,
STRS_statdialog_heigth,Hauteur,
STRS_statdialog_weight,Poids,
STRS_statdialog_rolenumber,Numero du Role,
STRS_statdialog_copkills,Agent de police tuer,
STRS_statdialog_civkills,Civil tuer.,
STRS_statdialog_selfkills,Suicides,
STRS_statdialog_streetcred,Reputation dans la rue,
STRS_statdialog_deaths,Morts,
STRS_statdialog_bounty,Prime,
STRS_statdialog_bestrace,Meilleur course,
STRS_statdialog_racewon,Course gagner,
STRS_statdialog_gilde,Gang,
STRS_statdialog_wanted,Rechercher,
STRS_statdialog_kopfgeld,Prime,
STRS_hints_ja,Oui,
STRS_hints_nein,Non,
STRS_hints_keins,Aucun,
STRS_hints_account_balance,Vous avez %1$ sur votre compte banquaire.,
STRS_bail_addbail,Vous avez reçu $%1 parceque Civ%2 a payer sa caution.,
STRS_bail_addconvoy,Vous avez reçu $%1 du convoi.,
STRS_bail_payed,Civ%1 a payer $%2 il est maintenant en liberte sous caution ,
STRS_bail_self,Vous avez payer $%1 de caution.,
STRS_bail_cantpay,Tu n'as pas asser d'argent.,
STRS_prison_notinprison,Vous ne pouvez pas liberer ce civil car il n'est pas en prison.,
STRS_prison_freenow,Le civil est maintenant libre.,
STRS_pimp_vclsell_toofast,Vous allez trop vite pour vendre le vehicule,
STRS_pimp_vclsell,Vous avez vendu ce vehicule pour $%1.,
STRM_mission_marker_arbeiter,Travailleur,
STRM_mission_marker_rathaus,Mairie,
STRM_mission_marker_deliverypoint1,Livraison 1,
STRM_mission_marker_deliverypoint2,Livraison 2,
STRM_mission_marker_deliverypoint3,Livraison 3,
STRM_mission_marker_deliverypoint4,Livraison 4,
STRM_mission_marker_deliverypoint5,Livraison 5,
STRM_mission_marker_deliverypoint6,Livraison 6,
STRM_mission_marker_deliverypoint7,Livraison 7,
STRM_mission_marker_deliverypoint8,Livraison 8,
STRM_mission_marker_deliverypoint9,Livraison 9,
STRM_mission_marker_deliverypoint10,Livraison 10,
STRM_mission_marker_workplace1,Milieu de travail 1,
STRM_mission_marker_workplace2,Milieu de travail 2,
STRM_mission_marker_workplace3,Milieu de travail 3,
STRM_mission_marker_terrorhideout,Camp rebelle,
STRM_mission_marker_jail,Prison,
STRM_mission_marker_Heroindealer,Vendre Heroine,
STRM_mission_marker_cocaindealer,Vendre Cocaine,
STRM_mission_marker_marihuanadealer,Vendre Marijuana,
STRM_mission_marker_lsddealer,Vendre LSD,
STRM_mission_marker_lonelyisland,Juste une ile deserte,
STRM_mission_marker_racefinish,Course terminer,
STRM_mission_marker_racestart,Debut de la course,
STRM_mission_marker_atm,ATM,
STRM_mission_marker_shootingrange,Distance de tir,
STRM_mission_marker_refuelstation,Station essence,
STRM_mission_marker_policestation,QG de police,
STRM_mission_marker_headmoneylicense,Formation chasseur de prime,
STRM_mission_marker_antidoteshop,Boutique d'antidote,
STRM_mission_marker_civhospital,Hopital civil,
STRM_mission_marker_bank,Banque,
STRM_mission_marker_shop_1,Magazin 1,
STRM_mission_marker_shop_2,Magazin 2,
STRM_mission_marker_shop_3,Magazin 3,
STRM_mission_marker_shop_air,Magazin Vehicule Aerien,
STRM_mission_marker_shop_air_small,Magasin de Sport Vehicule Aerien,
STRM_mission_marker_shop_armored,Magazin Tank & voitures,
STRM_mission_marker_shop_heavygun,Magazin Armes lourdes,
STRM_mission_marker_shop_boat,Magazin de Bateau,
STRM_mission_marker_shop_sniper,Magazin Sniper,
STRM_mission_marker_shop_rifle,Magazin de Fusil,
STRM_mission_marker_shop_pickup,Magazin de Pick-up,
STRM_mission_marker_shop_truck,Magazin de Camion,
STRM_mission_marker_shop_car,Magazin de Voiture,
STRM_mission_marker_shop_handgun,Magasin de Pistolet,
STRM_mission_marker_shop_smg,Magazin SMG,
STRM_mission_marker_shop_equipment,Magazin d'equipement,
STRM_mission_marker_sellcars,Vendre Vehicule,
STRM_mission_marker_garage,Garage,
STRM_mission_drugbuyflag,Acheter drogue,
STRM_mission_marker_fishing,Zone de Peche,
STRM_mission_marker_forest,Travail en Foret,
STRM_mission_marker_farming,La recolte de la Region,
STRM_mission_marker_farmingsell,Vendre Recolte,
STRM_mission_marker_court,Chantier,
STRM_mission_marker_jail_construction,Chantier Prison,
STRM_mission_marker_bagango_shooting_range,Champ de tir Bagango,
STRM_mission_marker_factory_air,Usine Vehicul Aerien,
STRM_mission_gruen_fahne,Bases,
STRM_mission_blau_fahne,Boutique,
STRM_mission_gelb_fahne,Camp / Lieu de travail / Boutiques achetables,
STRM_mission_rot_fahne,Activiter Illegale,
STRM_mission_gruen_punkt,Bank / ATM,
STRM_mission_rot_punkt,Point de Livraison,
STRM_mission_gelb_punkt,Course de rue,
STRM_mission_weiss_punkt,Autres,
STRM_mission_legende,Legende,
STRM_mission_legende_civmarker,Marqueur civil,
STRM_mission_legende_civmarker2,Marqueur civil (wanted),
STRM_mission_legende_copmarker,Marqueur Police,
STRM_mission_legende_restaurante,Restaurant,
STRM_mission_marker_terrorvehicle,Vehicule Rebelle,
STRS_license_car,Permis de Conduire,
STRS_license_pickup,Pick-up License,
STRS_license_truck,Permis de Poids-Lourds,
STRS_license_boat,Permis de Bateau,
STRS_license_air,Licence de Pilotes,
STRS_license_kopfgeld,Licence de Chasseur de Prime,
STRS_license_terror,Formation Terroriste,
STRS_license_uni,Examen de l'Universite,
STRS_license_bank,Assurance Bancaire,
STRS_license_bomb,Formation a la Bombe,
STRS_license_lockpick,Entrainement de Crochetage,
STRS_license_engineer,Formation Mecanique,
STRS_license_explosive,Formation en Explosif,
STRS_license_probator,Magazin civil acheter license,
STRS_license_coppatrol,Formation Patrouille,
STRS_license_copresponse,Formation interrogateur,
STRS_license_copairsupport,Formation Support Aerien,
STRS_license_copswat,Formation SWAT,
STRS_license_medic,Entrainement Medical,
STRM_mission_marker_license1,License Pick-up/Voitures,
STRM_mission_marker_license2,License SMG/Pistolet,
STRM_mission_marker_license3,License SMG/Sniper,
STRM_mission_marker_license4,Permi Bateau,
STRM_mission_marker_license_airport,License Vehicule Aerien,
STRM_mission_marker_license5,License Petrole,
STRM_mission_marker_university,Formation Universitaire,
STRM_mission_marker_Alcohol,License Alcool/Tabbac,
STRS_item_addinfo_keine,Aucun,
STRS_item_hideout,Camp,
STRS_item_hideout_info,Un camp peu etre placer n'importe ou, vous pouvez stocker armes/items...,
STRS_inventar_hideout_wrongplace,Vous etes trop pres d'une ville de sorte que vous ne pouvez pas construire votre camp ici.,
STRS_inventar_no_money_hideout,Vous ne pouvez pas offrir un camp.,
STRS_inventar_bought_hideout,"%1, vous construisez une planque ici.",
STRS_variablen_hideout_small,Petit Camp,
STRS_variablen_hideout_middle,Camp Moyens,
STRS_variablen_hideout_large,Gros camp,
STRS_variablen_hideout_addon_firstaid,Secourisme,
STRS_variablen_hideout_addon_teleporter,Teleporter,
STRS_variablen_hideout_addon_banking,Services bancaires par Internet,
STRS_hideoutheal_nouse,Vous n'etes pas blesser.
STRS_hideoutheal_use,Vous vous etes vous meme soigner.,
STRS_hideoutheal_used,Vos blessures sont maintenant gueries.,
STRS_hideoutaddons_nobuy,Vous ne pouvez pas ajouter ce module.,
STRS_hideoutaddons_buy,Vous avez acheter un module de camp pour $%1.,
STRS_hideoutaddons_repaired,Vous avez reparer le camp.,
STRS_hideoutaddons_norepair,Vous ne pouvez pas reparer votre camp parce qu'il n'est pas endommager.,
STRS_hideoutaction_nobuy,Vous ne pouvez pas offri ce camp.,
STRS_hideoutaction_already,Vous possedez deja un repaire.,
STRS_hideoutaction_info,Vous avez acheter un camp. Il est maintenant disponible dans votre inventaire.,
STRS_hideout_flagowner,Le proprietaire de ce camp est %1,
STRS_hideout_locked_entered,%1 est entrer votre camp.,
STRS_hideout_locked,Hideout Fermer.,
STRS_hideout_unlocked,Hideout Ouvert.,
STRS_hideout_marker,Votre camp,
STRS_item_alreadygothideout,Vous avez deja un camp.,
STRS_item_versicherung,Assurance banquaire,
STRS_item_versicherung_info,Vous ne pouvez pas perdre d'argent lorsque la banque se fait voler tout en ayant cet objet dans votre inventaire. Chaque fois que la banque a voler un element d'assurance sera supprimer.,
STRS_item_impound,Autorisation de mise en fourriere,
STRS_item_impound_info,Avec ce papier vous pouvez mettre les vehicule en fourriere.,
STRS_inventar_impound_zuweit,Il n'y a pas de vehicule ici.,
STRS_inventar_impound_gesehen,%1 a mis en fourriere le vehicule de %2 !,
STRS_inventar_impound_already,Vous ne pouvez pas mettre votre propre vehicule en fourriere!!.,
STRS_inventar_impound_success,Vous avez envoyer ce vehicule a la fourriere!,
STRS_inventar_impound_noluck,Vous n'avez pas reussi a mettre en fourriere ce vehicule,
STRS_item_lockpick,Kit de Crochetage,
STRS_item_lockpick_info,Avec cet appareil, vous pouvez voler d'autres vehicules et acquerir les clés..,
STRS_inventar_lockpick_zuweit,Aucun vehicule a proximiter.,
STRS_inventar_lockpick_gesehen,%1 est temoin d'un vole de vehicule (Plaque d'immatriculation: %2)!,
STRS_inventar_burglary,%1 a ete vue entrain d'entrer dans la maison de %2 !,
STRS_inventar_lockpick_already,vous possedez deja ce vehicule.,
STRS_inventar_lockpick_success,Vous avez les clés de ce vehicule,
STRS_inventar_lockpick_noluck,Le kit de crochetage est casser.,
STRS_item_holz,Bois,
STRS_item_eisenerz,Minerai de Fer,
STRS_item_mineraloel,Petrole,
STRS_item_ebauteile,Composants electroniques,
STRS_item_silizium,silicium,
STRS_item_kupfer,Cuivre,
STRS_item_copper,Cuivre,
STRS_item_steel,Acier,
STRS_item_stahl,Acier,
STRS_item_schwarzpulver,Poudre noir,
STRS_item_schwefel,Sulphure,
STRS_item_kohle,Charbon,
STRS_item_gold,Or,
STRS_item_Diamond,Diamand,
STRS_item_erdoel,Petrole,
STRS_item_glas,Verre,
STRS_item_plastik,Plastique,
STRS_item_sand,Sable,
STRS_item_stahlwolle,Laine d'acier,
STRS_item_Marihuana_Plant,Utiliser pour faire de la drogue,
STRS_item_Bundle_of_Grapes,Utiliser pour faire du vin,
STRS_item_oil,Utilise pour faire de barils de petrole,
STRS_FoodContainer,importes d'autres pays,
STRS_WeaponContainer,importes d'autres pays,
STRS_MedicalContainer,importes d'autres pays,
STRS_SupplyContainer,importes d'autres pays,
STRM_verseuchte_zone,Zone contaminer,
STRS_item_farmitem_info,Son produit peut etre utilise afin de creer d'autres elements dans les usines.,
STRS_item_gold_info,Ceci peut etre utilise pour fabriquer des lingots d'or,
STRS_addaction_gesetz,Changer la loi,
STRD_dialogandere_gesetze_header,Changer les lois (Vous devez choisir un emplacement dans la liste ci-dessous. C'est peut-etre vide).,
STRD_dialogandere_gesetze_submit,Changer!,
STRS_gilde_gesetze_public,Le gouverneur a changer la loi: #%1 . La nouvelle loi est: %2,
STRS_stunned_enabled,Vous avez ete assomer. Toute action pendant quelques secondes.,
STRS_stunned_disabled,vous avez recuperer.,
STRS_stunned_iamtheone,J'ai assomer %1! ,
STRS_stunned_incap,Vous etes dans le coma,
STRS_alreadygotshop,Vous possedez deja ce batiment.,
STRS_gotshop,"%1, Vous avez acheter ce batiment pour $%2.",
STRS_sellshop,"%1, Vous avez vendu ce batiment pour $%2.",
STRS_cop_inprison,Vous etes enprison car vous avez tuer trop de policier dans une zone reglementer,
STRS_cop_freeprison,Vous etes a nouveau libre .,
STRM_mission_marker_fac_weapon,Usine d'arme,
STRM_mission_marker_fac_vehicle,usine de voitures,
STRM_mission_marker_fac_item,Usine general,
STRM_mission_marker_fac_res,Usine de ressource,
STRM_mission_marker_mine_erz,Mine de fer,
STRM_mission_marker_mine_oel,Puits de petrole,
STRM_mission_marker_mine_kupfer,Mine de cuivre,
STRM_mission_marker_mine_holz,Bois,
STRM_mission_marker_mine_sand,Sable,
STRM_mission_marker_mine_silizium,Mien de silicium,
STRM_mission_marker_mine_schwefel,Mine de Sulphure,
STRM_mission_marker_mine_kohle,Mine de charbon,
STRS_functions_crimelog_msg1,La banque ses fais braquer et a perdu $%1.,
STRS_functions_crimelog_msg2,a voler un autre civil.,
STRS_functions_crimelog_msg3,a tuer un autre Civil.,
STRS_functions_crimelog_msg4,a tuer un autre Policier.,
STRS_functions_crimelog_msg5,a ete envoyer en prison.,
STRS_functions_crimelog_msg6,a ete liberer de prison,
STRS_functions_crimelog_msg7,ses echaperde prison,
STRS_functions_crimelog_msg8,est mort.,
STRS_functions_crimelog_msg9,a payer l'ammende de %1.,
STRS_functions_crimelog_msg10,a utiliser une bombe.,
STRS_functions_crimelog_msg11,a un esclave.,
STRS_functions_crimelog_msg13,a ete vu entrain de voler %1,
STRS_functions_crimelog_msg14,a ete vu entrain de tenter de voler,
STRS_functions_crimelog_msg15,est un assassins,
STRS_functions_crimelog_msg16,a ete vu entrain de cambrioler,
STRS_functions_crimelog_msg17,a ete vue entrain de cambrioler une maison,
STRS_addaction_wahlen,Elire un gouverneur,
STRS_addaction_chief,Elire un chef de Police,
STRS_chief_votedfor,Vous avez voter pour %1 afin qu'il deviennele chef de police. Le resultat sera affiche a la fin de l'actuel gouvernement.,
STRS_chief_nomajor,Actuellement aucun chef de police a ete elu.,
STRS_chief_majorstays,L'actuel chef de la police a ete elu de nouveau.,
STRS_chief_new,%1 est le nouveau chef de police! Il a ete elu avec %2 votes.,
STRD_description_wahl_header,Election,
STRD_description_wahl_submit,Elire,
STRS_mayor_new,%1 est le nouveau gouverneur! Il a ete elu avec %2 votes.,
STRS_regierung_votedfor,Vous avez voter pour %1. Le resultat sera affiche a la fin de l'actuel gouvernement.,
STRS_regierung_nomajor,Actuellement aucun Gouverneur a ete elu Va voter !,
STRS_regierung_majorstays,L'actuel gouverneur a ete elu de nouveau.,
STRD_description_steuer_header,Changer Taxes,
STRD_description_steuer_submit,Changer taxes!,
STRS_dialogandere_steuerdialog_itemsteuer,Item taxe: %1 Pourcent,
STRS_dialogandere_steuerdialog_fahrzeugsteuer,Vehicule taxe: %1 Pourcent,
STRS_dialogandere_steuerdialog_magazinsteuer,Taxe Munition : %1 Pourcent,
STRS_dialogandere_steuerdialog_waffesteuer,Taxe des Armes: %1 Pourcent,
STRS_dialogandere_steuerdialog_banksteuer,Taxe des transaction banquaire: %1 Pourcent,
STRS_addaction_steuern,Changer taxes,
STRS_player_not_ingame,Error: Le joueurs n'est pas en jeu.,
STRS_maxmoney,Vous ne pouvez pas avoir plus de. $999999 dans votre porte monnaie. L'argent est supprimer lol.,
STRS_maxbank,Vous ne pouvez pas avoir plus de. $31000000 en banque. L'argent est supprimer lol.,
STRS_not_copaction,Vous ne faite pas partis de la polive vous ne pouvez pas faire cette action.,
STRS_kein_geld,Pas assez d'argent.,
STRS_check_inventargeld,Vous avez $%1.,
STRS_not_ingame,Le joueurs selectionner n'est plus en jeu.,
STRS_wrong_input,ERREUR vous n'etes pas autoriser a utiliser ce personnage (%1).,
STRS_text_zu_lang,Le texte entrer est trop long.,
STRS_no_selection,Rien de selectionner.,
STRS_empty_string,,
STRS_ja,Oui,
STRS_nein,Non,
STRS_keine,Aucun,
STRS_keins,Rien,
STRS_were,etaient,
STRS_nowere,n'etaient pas,
STRS_no_valid_number,La valeur n'est pas un nombre valide.,
STRD_grafikeinstellungen_header,Option,
STRD_grafikeinstellungen_header_terrain,Detail du terrain,
STRD_grafikeinstellungen_header_viewdistance,Distance de vue,
STRD_grafikeinstellungen_close,Fermer,
STRS_inv_kein_geld,Pas asser d'argent.,
STRS_inv_no_valid_number,La valeur n'est pas un nombre valide.,
STRS_inv_fac_buy,Acheter cette usine pour ($%1),
STRS_inv_fac_mani,Fabrication d'un element,
STRS_inv_fac_storage,Stockage,
STRS_inv_fac_success,Item fabriquer !,
STRS_inv_no_selection,Vous n'avez rien selectionner.,
STRS_inv_fac_cannot_mani_item,Vous ne pouvez pas produire cet item.,
STRS_inv_fac_not_enough,Vous n'avez pas suffisamment d'items dans le stockage de cette usine.,
STRS_inv_facdialog_menge,%1 (%2x - %3 disponible),
STRS_inv_description_factory_manifacture,Production (%1x),
STRS_inv_fac_dia_herstellen,P R O D U C T I O N - I T E M S,
STRS_inv_fac_dia_lager,Fonds necessaires - Stockage,
STRS_inv_actions_itemgather,Ramasser l'article,
STRS_inv_actions_buy,Acheter %1 pour ($%2),
STRS_inv_buylicense_alreadytrue,Vous avez deja la license.,
STRS_inv_buylicense_nomoney,Vous n'avez pas asser d'argent pour acheter cette license.,
STRS_inv_buylicense_gottraining,Vous avez acheter %2 pour $%1.,
STRS_inv_buylicense_alreadyfalse,Vous n'avez pas cette license.,
STRS_inv_buylicense_losttraining,Vous avez perdu votre %1.,
STRS_inv_buyitems_get_zuschwer,Votre poids a atteint la capacite maximale. Vous n'etes pas en mesure de porter d'autres objets.,
STRS_inv_buyitems_get_erhalten,Vous avez %1 %2.,
STRS_inv_buyitems_notallowed,Vous n'etes pas autoriser a acheter cette items.,
STRS_inv_cannotUseNow,Vous ne pouvez pas utiliser votre inventaire maintenant.,
STRS_inv_inventar_weggeworfen,Vous avez laisser tomber un objet.,
STRS_inv_inventar_drop_zuwenig,Vous n'avez pas que de nombreux objets a abandonner.,
STRS_inv_inventar_ablege_verbot,Vous n'etes pas autoriser a lacher cet objet.,
STRS_inv_inventar_cannotuse,Vous ne pouvez pas utiliser cet objet.,
STRS_inv_inventar_gotfromotherplayer,Vous avez %1 %2 a partir de %3.,
STRS_inv_inventar_cannotdrop,Vous ne pouvez pas supprimer un objet a l'heure actuelle
STRS_inv_inventardialog_empty,Votre inventaire est vide.,
STRS_inv_inventardialog_amount,Montant: %1,
STRS_inv_storage_took,Vous avez pris %1 de l'objet.,
STRS_inv_storage_toomuch,il n'y a pas que de nombreux articles dans le stockage.,
STRS_inv_storage_dropnotallowed,Il ne faut pas laisser tomber cet objet dans une usine.,
STRS_inv_storage_dropunablesomuch,Vous n'etes pas en mesure de deposer beaucoup.,
STRS_inv_storage_dropped,Vous aver jeter %1 de cet objet.,
STRS_inv_storage_cannotdropsomuch,Vous ne pouvez pas supprimer que beaucoup ici.,
STRS_inv_storage_deleted,%1 uniter de cet item.,
STRS_inv_storage_spam,Vous avez deposer des objets attendez quelques secondes,
STRS_inv_alreadygotshop,Vous possedez deja ce batiment
STRS_inv_fabrik_dialogheader1,Pendre Item,
STRS_inv_fabrik_dialogheader2,Magazin d'objet,
STRS_inv_storagedialog_take,Prendre %1 Item(s) (%2kg),
STRS_inv_storagedialog_drop,Lacher %1 Item(s) (%2kg),
STRS_inv_shopdialog_geld,Argent: $%1,
STRS_inv_shopdialog_itemshop,Votre argent courant: $%1,
STRS_inv_buyitems_maxgewicht,Poids maximum atteint. Vous ne pouvez plus transporter des articles.,
STRS_inv_buyitems_keingeld,Vous n'avez pas assez d'argent.,
STRS_inv_buyitems_gekauft,vous acheter %1 %2 pour $%3,
STRS_inv_buyvehicles_store_in_use,Ce magasin est occuper en ce moment. SVP revenez plus tard.,
STRS_inv_buyvehicles_buy_car,Vous avez acheter %1 pour $%2. SVP attendez 5 secondes et le vehicule sera livrer.,
STRS_inv_buyvehicles_destroyed,Ce vehicul est detruit.,
STRS_inv_buyvehicles_noowner,Vous n'etes pas le proprietaire de ce vehicule.,
STRS_inv_buyitems_sell_notenough,Vous n'avez pas assez d'objets a vendre.,
STRS_inv_buyitems_verkauft,Vous avez vendu %1 %2 pour $%3.,
STRS_inv_buyitems_sell_toofar,Le vehicule est trop loin.,
STRS_inv_buyitems_nolicense,Vous avez besoin de %1 pour en acheter.,
STRS_inv_buyitems_nolicensecop,Vous avez besoin %1 pour en acheter.,
STRS_inv_shop_sold,Vous avez vendu %1 %2 pour $%3.,
STRS_inv_shop_vehiclesold,Vous avez vendu ce vehicul pour $%1.,
STRD_inv_description_inventar_header,Inventaire,
STRD_inv_description_factory_manifacture_header,Usine,
STRD_inv_description_close,Fermer,
STRD_inv_description_itemmenu_title,Acheter Objets,
STRD_inv_description_itemmenu_title2,Vendre Objets,
STRD_inv_description_inventar_use,Utiliser,
STRD_inv_description_buyitem_close,Fermer,
STRD_inv_description_inventar_drop,Lacher,
STRD_inv_description_inventar_schluessel_uebergabe,Donner au joueur,
STRD_inv_description_inventar_item,Objet:,
STRD_inv_description_inventar_amount,Montant:,
STRD_inv_description_inventar_addinfo,Informations supplementaires:,
STRD_inv_description_inventar_gewicht,Poids de l'objet Unique/Global:,
STRS_inv_not_ingame,Le joueur selectionner n'est plus en jeu.,
STRS_inv_inventar_uebergabe_self,Vous ne pouvez pas vous donner un objet.,
STRS_inv_inventar_uebergabe_distance,Vous devez etre a moin de 20 metres du joueur selectionner.,
STRS_inv_inventar_uebergabe_verbot,Vous ne devez pas donner d'objet a d'autres joueurs.,
STRS_inv_inventar_uebergabe_zuwenig,Previus ne peux pas traduire cette phrase alors je prefere vous faire un petit message trololol <3.,
STRS_inv_inventar_uebergabe_success_self,Vous avez %1 %2 uniter de %3.,
STRS_inv_inventar_uebergabe_schluessel_success,Vous avez une clé d'un autre joueur. La clé est maintenant sur votre porte-clefs.,
STRS_inv_inventar_uebergabe_schluessel_success_self,Vous avez donner la clé du vehicule pour le joueur selectionner (elle a ete retirer de votre trousseau.,
STRS_item_geld,Argent,
STRS_item_geld_info,"Acheter des licences, des vehicules, des armes, des medicaments et d'autres articles! Notez que vous ne pouvez pas transporter plus de $ 999 999.",
STRS_inventar_geld,Vous ne pouvez pas utiliser l'argent sivous achetez deja quelque chose,
STRS_inv_item_defuser,Desamorceur,
STRS_inv_item_defuser_info,Avec cet appareil, vous pouvez desamorcer charges et des Mines Satchel..,
STRS_inv_items_defuser_success,Bombe desamorcer.,
STRS_inv_items_defuser_failed,Vous avez fait une erreur lors de desamorçage de la bombe et elle a exploser ...,
STRS_inv_items_defuser_nobomb,Pas de bombe a desamorcer.,
STRS_inv_item_OilBarrel,Plein de petrole,
STRS_inv_item_lighter,Briquet,
STRS_inv_item_lighter_info,hmmm Quesque sa fais si je met le briquet dans le reservoir d'une voiture ???,
STRS_inv_item_repairkit,Kit de Reparation,
STRS_inv_item_repairkit_info,Pour reparer un vehicule vous devez etre le conducteur.,
STRS_inv_item_fuelcut,Cutter,
STRS_inv_item_fuelcut_info,Utiliser pour couper la durite d'essence.,
STRS_inv_item_kanister,Jeerycan,
STRS_inv_item_kanister_info,utilisez le pour faire le plein,
STRS_inv_items_ignite_ignite,Le carburant est en feu !!! FUYER AVANT QUE LE VEHICULE EXPLOSE !!!,
STRS_inv_items_repair_refuel_wrongkit,Cet objet ne peux pas etre utiliser sur les vehicule de grande taille.,
STRS_inv_items_repair_refuel_notincar,Pas dans un vehicule,
STRS_inv_items_ignite_ignite_notincar,Pas dans un vehicule,
STRS_inv_items_repair_refuel_notdriver,Vous n'etes pas le conducteur.,
STRS_inv_items_repair_notneeded,Votre vehicule n'est pas endommage,
STRS_inv_items_repair_repaired,Vous reparer un vehicule,
STRS_inv_items_empty_notneeded,Votre vehicule est deja a sec,
STRS_inv_items_empty_refueled,Vous avez vider le carburant,
STRS_inv_items_refuel_notneeded,Le reservoire est deja plein,
STRS_inv_items_refuel_refueled,Vous ravitailler votre vehicule,
STRS_inventar_repair_repaired,Vous reparer ce vehicule.,
STRS_inv_items_repair_wrongvcl,Vous ne pouvez pas reparer ce vehicule.,
STRS_inv_item_medikit,Medickit,
STRS_inv_item_medikit_info,Le medickit vous permez de vous soigner.,
STRS_inv_items_medikit_nichtverletzt,Vous n'etes pas blesser.,
STRS_inv_items_medikit_benutzung,Attendez cinq secondes jusqu'a ce que vous soyez gueri.,
STRS_inv_items_medikit_fertig,Vous etes soigne a nouveau.,
STRS_inv_item_schluesselbund,Porte-clefs,
STRS_inv_item_schluesselb_info,Sur ce porte-clés il ya des touches pour tous les vehicules que vous possedez. En utilisant cet objet va ouvrir une boite de dialogue ou vous pouvez choisir le vehicule que vous voulez verrouiller / deverrouiller,
STRS_inv_items_vehiclelock_closer,Vous devez vous rapprocher de votre voiture!,
STRS_inv_items_vehiclelock_locked,Verrouillage du vehicule..,
STRS_inv_items_vehiclelock_unlocked,Deverrouillage du vehicule..,
STRS_inv_items_uebergabe_schluessel_success_self,Vous avez donner une copie des clés au joueurs selectionner.,
STRS_inv_items_uebergabe_schluessel_success,Vous avez la clé d'un autre joueur. La clé est maintenant sur votre porte-clefs.,
STRS_inv_items_weggeworfen,Vous avez laisser tomber l'objet.,
STRS_inv_item_nitro,Nitro,
STRS_inv_item_nitro_info,Vitesse de reglage pour les vehicules. Utilisez cette amelioration dans un vehicule pour installer le nitro. Appuyez et maintenez la touche Maj pour utiliser la nitro.,
STRS_inv_item_supgrade_info,Utilisez cette mise a jour dans un vehicule a augmenter en permanence sa vitesse. Vous devez etre ingenieur pour installer la mise a niveau. Mises a niveau ne se cumulent pas.,
STRS_inv_item_ziptie_info,Les menottes peuvent etre utiliser pour retenir des otages.,
STRS_inv_items_speed_no,Vous ne pouvez pas tuner cette voiture!,
STRS_inv_items_speed_car,Vous n'etes pas dans un vehicule.,
STRS_inv_items_speed_tuned,Vous avez tuner de cette voiture! Utilisez l'action 'Speed' dans que la voiture accelere.,
STRS_inv_items_speed_nodriver,Vous n'etes pas le conducteur.,
STRS_inv_items_speed_notmoving,Le vehicule n'est pas en mouvement.,
STRS_inv_items_speed_nocar,Vous n'etes pas dans un vehicule!,
STRS_inv_items_speed_nitroenabled,Nitro ajouter,
STRS_inv_items_speed_action,Boutton Nitro,
STRS_inv_item_waffentascbe,Sac d'arme,
STRS_inv_item_waffentascbe_info,Avec cet objets vous pouvez supprimer les armes qui sont au sol,
STRS_inv_items_weapondeleted,%1 arme supprimer (Champ d'action 5m).,
STRS_inv_items_itemdeleted,%1 objet supprimer (Champ d'action 10m).,
STRS_inv_items_weaponcargocleared,Arme effacer!,
STRS_inv_item_waffe,Arme,
STRS_inv_item_waffe_info,Votre arme est dans son etui et dans votre inventaire,
STRS_inv_item_waffe_noholster,Vous ne pouvez pas holster/unholster une arme maintenant,
STRS_inv_item_waffe_noweapon,Aucune arme a cacher.,
STRS_inv_item_waffe_weaponHidden,Arme cacher dans l'inventaire. Vous pouvez unholster en utilisant votre inventaire,
STRS_inv_item_waffe_weaponHiddenAlready,Arme cacher dans l'inventaire,
STRS_inv_item_waffe_weaponTakenout,Arme degainer. Soyez prudent. Vous pourriez avoir besoin d'appuyer sur F pour le selectionner.,
STRS_inv_items_ressources,Les ressources peuvent pas etre utilises. Vous devez les deposer dans les usines.,
STRS_inv_item_seil,Corde,
STRS_inv_item_seil_info,Cet article ne peut etre utiliser que dans les helicopteres. Avec cet article, il est possible de fixer un vehicule a l'helicoptere.,
STRS_inv_item_seil_notinheli,Vous n'etes pas dans un helico.,
STRS_inv_item_seil_notcloseenough,Vous n'etes pas asser pres d'un vehicule.,
STRS_inv_item_seil_closetoground,Vous etes trop pres du sol.,
STRS_inv_item_seil_action_release,Lacher vehicule,
STRS_inv_item_seil_action_released,Vehicule deposer.,
STRS_inv_item_cocaine,Cocaine,
STRS_inv_item_marihuana,Weed,
STRS_inv_item_lsd,LSD,
STRS_inv_item_heroin,Heroine,
STRS_inv_item_alkohol_info,Buver et vous serer Bourrer :),
STRS_inv_item_beer,Biere,
STRS_inv_item_vodka,Vodka,
STRS_inv_item_smirnoff,smirnoff ICE,
STRS_inv_item_wiskey,whisky,
STRS_inv_item_wine,vin,
STRS_addAction_drugdealerbust," ""Aretter un dealer""",
STRS_drugdealer_busted_more_money,"Vous avez une paie supplementaire de 10.000 $, etant donner que certains flic ont tuer le drugdealer",
STRS_drugdealer_busted,Le dealer a ete arreter!,
STRS_drugdealer_destroyedorbusted,Le dealer a ete aretter ou tuer !,
STRS_inv_item_drogen_info,La drogue c'est mal,
STRS_inv_item_druguse_toomany,Vous ne pouvez pas utiliser plusieurs drogues en meme temps.,
STRS_inv_item_druguse_ende,Les effets de la drogue diminue.,
STRS_inv_item_roadblock,Petit barrage,
STRS_inv_item_roadblock_info,"Un barrage routier. Pour le placer, appuyez utilisation. Pour l'enlever, marcher jusqu'a lui et selectionnez l'action correspondante.",
STRS_inv_item_bargate_info,"Un Gate Bar. Pour le placer, appuyez utilisation. Pour l'enlever, marcher jusqu'a lui et selectionnez l'action correspondante. Il peut egalement etre ouverte et fermer par l'intermediaire du menu d'actions.",
STRS_inv_item_concretebarriershort_info,Grand et petit muret de beton,
STRS_inv_item_concretebarrierlong_info,Grand et long mur de beton,
STRS_inv_item_spikestrip_info,"Une herce. Pour le placer, appuyez utilisation. Pour l'enlever, marcher jusqu'a lui et selectionnez l'action correspondante. Il peut egalement etre ouvert et fermer par le menu d'action",
STRS_inv_item_stopsign_info,"Un panneau d'arret. Pour le placer, appuyez utilisation. Pour l'enlever, marcher jusqu'a lui et selectionnez l'action correspondante. Il peut egalement etre ouvert et fermer par le menu d'action.",
STRS_inv_item_BigbagfenceCorner_info,"Un mur de sacs de sable (coin). Pour le placer, appuyez utilisation. Pour l'enlever, marcher jusqu'a lui et selectionnez l'action correspondante. Il peut egalement etre ouvert et fermer par le menu d'action..",
STRS_inv_item_bigbagfence_info,"A Sandbag Wall. To place it, press use. To remove it, walk up to it and select the corresponding action. It can also be opened and closed via the action menu.",
STRS_inv_item_bigbagfenceRound_info,"A Sandbag Wall (round). To place it, press use. To remove it, walk up to it and select the corresponding action. It can also be opened and closed via the action menu.",
STRS_inv_item_bunkersmall_info,"A Bunker. To place it, press use. To remove it, walk up to it and select the corresponding action. It can also be opened and closed via the action menu.",
STRS_inv_item_danger_info,"A Danger sign. To place it, press use. To remove it, walk up to it and select the corresponding action. It can also be opened and closed via the action menu.",
STRS_inv_item_land_ladder_half_info,"A ladder to climb into buildings. To place it, press use. To remove it, walk up to it and select the corresponding action.",
STRS_inv_item_roadcone_info," Road Cone. To place it, go into your inventory and press use, to pick it up hover over it.",
STRS_inv_item_factory_info,"Factory. Go  into inventory and press use to place it, to pick it up hover over it.",
STRS_inv_item_officebuilding_info,"Immeuble de bureaux. Allez dans l'inventaire et appuyez sur l'utilisation de l'article, pour ramasser planer sur l'element
STRS_inv_item_barrack_info,"Barrack. Allez dans votre inventaire et appuyez sur l'utilisation de l'objet a placer, a ramasser planer sur l'element..",
STRS_inv_item_smallhouse_info,"Petite Maison. Allez dans votre inventaire et appuyez sur l'utilisation de l'objet a placer, a ramasser en vol stationnaire au-dessus.",
STRS_inv_item_sperre_nomoney,Vous ne pouvez pas faire ce barrage.,
STRS_inv_item_sperre_built,Vous avez construit un barrage,
STRS_inv_item_sperre_moved,S'il vous plait attendre quelques secondes pour que le barrage a etre deplace.,
STRS_inv_item_sperre_invcl,Vous ne pouvez pas placer un barrage de l'interieur d'un vehicule.,
STRS_inv_item_sperre_hiernicht,Vous ne pouvez pas placer l'objet dans ce domaine.,
STRS_inv_item_handy,Iphone 57s,
STRS_inv_item_handy_info,L'utilisation d'un telephone mobile, vous pouvez envoyer des messages prives d'autres joueurs. Lorsque vous l'utilisez,
STRS_inv_item_handy_keingeld,Vous ne pouvez pas envoyer de SMS.,
STRS_inv_item_handy_gesendet,Vous avez envoyer un SMS a %1.,
STRS_inv_item_handy_nachricht,%2 vous a envoyer un SMS: %1,
STRS_inv_item_handy_nichterreicht,%1 vous n'aver pas de telephone.,
STRS_inv_item_handy_leermsg,Vous ne pouvez envoyer un sms vide.,
STRS_inv_item_handy_noplayer,Le joueur selectionner n'est plus en jeu.,
STRS_inv_item_handy_text_zu_lang,Le message est trop long.,
STRS_inv_item_Weapons,Container full of eastern weapons,
STRS_inv_item_vclammo,Munition de vehicule,
STRS_inv_item_vclammo_info,Munitions pour armes fixes sur les vehicules. Utilisez une telle boite dans les vehicules pour remplir les munitions du vehicule.,
STRS_inv_item_vclammo_nomg,Ce vehicule n'a pas une arme qui peut etre rearmer.,
STRS_inv_item_vclammo_rearmed,Vous rearmer le vehicule.,
STRS_inv_item_vclammo_novehicle,Vous n'etes pas dans le vehicule .,
STRS_inv_item_objs,Objet,
STRS_inv_item_objs_info,Utilisez cet objet pour frayer il.,
STRS_inv_item_obj_take,Supprimer objet,
STRS_inv_item_obj_packed,Vous avez pris cet objet.,
STRS_inv_item_obj_invcl,Vous ne pouvez pas placer l'objet tout en etant dans un vehicule.,
STRS_inv_item_obj_hiernicht,Vous ne pouvez pas placer cet objet ici.,
STRS_inv_item_obj_bauen,L'objet sapwn dans cinq seconde,
STRS_inv_item_obj_toomany,Vous avez deja placer trop objets.,
STRS_inv_item_obj_cantpack,Vous ne pouvez pas supprimer cet objet! Verifiez votre poids?,
STRS_inv_item_fernbombe,Telecommander la voiture pieger,
STRS_inv_item_fernbombe_info,A Car-Bomb. It explodes when you use the remote control.\n\nTo plant the bomb; get in the car,
STRS_inv_item_zeitbombe,Voiture pieger avec timer,
STRS_inv_item_zeitbombe_info,A Car-Bomb. It explodes when the timer reaches 0.\n\nTo plant the bomb,
STRS_inv_item_enginebombe,Allumer la voiture pieger,
STRS_inv_item_enginebombe_info,"A Car-Bomb. It explodes if the car this bomb is attached to starts the engine.\n\nTo plant the bomb, get in the car, open the inventory, choose the bomb and press >use<. The Bomb is now activated! Other player in the car will be noticed when you place a bomb. To deactivate the bomb, just use the entry from your action menu, you will get the bomb back in your inventory.",
STRS_inv_item_fernzuender,Bombe telecommande,
STRS_inv_item_zuender_info,Use it to blow the bomb connected with this control up. Drop it to deactivate the bomb.,
STRS_inv_item_speedbombe,Voiture-bombe avec l'activation de la vitesse,
STRS_inv_item_speedbombe_info,"A Car-Bomb. It activates when the player drives faster than the speed you selected, and will explode when he drives slower.\n\nTo plant the bomb, get in the car, open the inventory, choose the bomb and press >use<. In the following dialogue you can configure the bomb! Other player in the car will be noticed when you place a bomb. To deactivate the bomb, just use the entry from your actionmenu, you will get the bomb back in your inventory.",
STRS_inv_item_vehiclebomb_action_deactivate,Desactiver la bombe,
STRS_inv_item_vehiclebomb_action_changetimer,Changer le timer,
STRS_inv_item_vehiclebomb_timebombconfig_sec,%1 sec,
STRS_inv_item_vehiclebomb_speedbombconfig_kmh,%1 kph,
STRS_inv_item_vehiclebomb_notinvehicle,Vous devez etre dans un vehicule a utiliser la voiture pieger,
STRS_inv_item_vehiclebomb_legen_gesehen, Vous avez vu %1 Planter une bombe sur un vehicul!,
STRS_inv_item_vehiclebomb_notexist,La bombe n'existe pas.,
STRS_inv_item_vehiclebomb_changed,Temps restant fixer a %1 seconds.,
STRS_inv_item_vehiclebomb_defused,Bombe desamorcer.,
STRS_inv_item_vehiclebomb_changetimer,Changer Timer,
STRS_inv_item_vehiclebomb_sec,%1 seconde,
STRS_inv_item_vehiclebomb_deactivated,Bombe desactiver!,
STRS_inv_item_vehiclebomb_speedbomb_activated,Mefiez-vous,
STRS_inv_item_vehiclebomb_planted,Vous avez planter une bombe (ID: %1).,
STRS_inv_item_Bottled_water,eau,
STRS_inv_item_drink_info,Dans vos statistiques vous pouvez voir comment la soif vous etes,
STRS_inv_item_Bread,pain,
STRS_inv_item_fisch,Poisson,
STRS_inv_item_getreide,Ble,
STRS_inv_item_nahrung_info,Dans vos statistiques vous pouvez voir comment vous etes affamer. Avec cela, vous pouvez vous satisfaire la faim. Juste choisissez combien vous voulez manger et appuyez sur> utilisation <. Si vous atteignez une faim de 100, vous allez mourir!
STRS_inv_item_nahrung_gegessen,Votre faim est maintenant a : %1/100.,
STRS_inv_item_nahrung_verhungern,Tu as la dale.,
STRS_inv_item_drink_verthirstn,Tu as soif.,
STRS_inv_item_drink_gegessen,Votre soif est maintenant a %1/100 .,
STRS_inv_item_selbstmordbombe,Bombe Kamikaze,
STRS_inv_item_selbstmordbombe_info,Lorsque vous utilisez cet article,
STRS_inv_item_selbstmordbombe_globalmsg,Allah Hu Akbar!,
STRS_bank_rob_titlemsg,!! ATTENTION !! Braquage de Banque en cours. Tout Civil present sur les lieux seras ARRETER !! ATTENTION !!,
STRS_bank_rob_lostnomoney,grace a votre assurance banquaire vous n'avais pas perdu d'argents.,
STRS_bank_rob_somemoneylost,La banque a ete voler. Vous avez perdu $%1 et vous avez $%2 dans votre compte bancaire.,
STRS_death_somemoneylost,Vous etes mort.,
STRS_bank_rob_allmoneylost,La banque a ete voler. Vous avez perdu tout l'argent sur votre compte!,
STRS_bank_rob_success,Vous avez braquer la banque ! Echapper vous avant que les flics vous attrape
STRS_bank_mafia_success,Vous avez confisquer tout l'argent.,
STRS_bank_rob_nosuccess,Vous etes parti trop tot ! Vous ne toucher rien !,
STRS_bank_rob_info,Vous decider de voler la banque rester jusqu'a que vous recever l'argent et FUYER!,
STRS_bank_rob_noweapon,Vous ne pouvez pas voler la banque sans etre armer.,
STRS_bank_rob_no,Vous ne pouvez pas voler la banque pour l'instant.,
STRS_bank_dialog_inventargeld,L'argent dans votre inventaire: $%1,
STRS_bank_dialoge_accountgeld,L'argent dans votre compte: $%1,
STRS_bank_dialoge_tax,Incl. Taxes:,
STRS_bank_dialoge_robbsperre,Vous avez voler la banque il n'y a quelques minutes. Vous ne pouvez pas utiliser l'argent %1 minutes aprer l'avoir voler.,
STRS_bank_no_money,Vous n'avez pas assez d'argent sur votre compte.,
STRS_bank_deposit_other_no,Vous n'avez pas assez d'argent sur votre compte.,
STRS_bank_deposit_self_no,Vous n'avez pas assez d'argent sur votre compte pour transferer $%1 sur le compte desirer.,
STRS_bank_deposit_other_no2,vous n'avez pas assez d'argent sur votre compte pour transferer $%1 au compte desirer. N'oublier pas que vous devez avoir asser d'argent pour payer la taxe de transfere de %2 Pourcent.,
STRS_bank_account_getmoney,Vous obtener $%1 de %2 sur votre compte banquaire.,
STRS_bank_deposit_yes,$%1 transferer avec succes au compte desirer. S'il vous plait noter que vous deviez payer %2 pourcent de taxe de transfere. Vous payer donc $%3.,
STRS_bank_deposit_self_yes,$%1 transferer a votre compte.,
STRS_bank_withdraw_yes,$%1 retirer avec succes.,
STRS_bank_zinsen,"Vous obtener %2 Pourcent d'extra dans votre compte banquaire: $%1 .",
STRS_bank_no_valid_number,La valeur n'est pas un nombre valide.,
STRS_bank_player_not_ingame,Error: Le joueur n'est pas en jeu.,
STRS_bank_hints_account_balance,Vous avez %1$ Sur votre compte banquaire.,
STRS_bank_addaction_robb,Braquer la banque,
STRS_bank_addaction_dialog,Menu Bancaire,
STRS_bank_addaction_balance,Solde du compte,
STRD_bank_description_title,Banque,
STRD_bank_description_deposit_transfer,Deposer/transferer,
STRD_bank_description_selectplayer,Selectionnez le Joueur:,
STRD_bank_description_steuern,Incl. Taxes:,
STRD_bank_description_bank_withdraw,Retirer,
STRD_bank_description_submit,Soumettre,
STRD_bank_description_cancel,Annuler,
STRD_bank_description_withdraw,Retirer,
STRS_gasstation_bereits_getankt,Le carburant de ce vehicule est deja a 100%.,
STRS_gasstation_tanken_vclleft,Restez a l'interieur du vehicule pendant que vous ravitailler.,
STRS_gasstation_tanken_vclmoved,Vous avez annuler l'action en vous deplacant,
STRS_gasstation_tanken_money,Vous n'avez pas asser d'argent pour refuel completement.,
STRS_gasstation_tanken_finished,Le vehicule est de nouveau plein!,
STRS_gasstation_tanken_zwischenmsg,Status Carburant: %1 de 100. \n Vous faite le plein,
STRS_addaction_buy_gas,Ajouter 10 Litres de carburant (Pour $%1).,
STRS_invest_action,Invertir dans ce buisness,
STRS_invest_nomoney,Tu es a sec....,
STRS_invest_wait,Attendez 15 minutes pour que les entreprises monte en bourse avant de les vendres,
STRS_invest_lost,"Desoler, pas de chance cette fois-ci.",
STRS_invest_winner,"Felicitation ! Vous gagner $%1!",
STRD_ivnest_title,Investissements,
STRD_invest_buyticket,Investir dans les affaires,
STRD_invest_cancel,Annuler,
STRS_lotto_action,Jouez au loto!,
STRS_lotto_lost,Desoler,
STRS_lotto_winner,Felicitation !!,
STRS_lotto_nomoney,Vous n'avez pas asser d'argent.,
STRS_lotto_wait,Attendez 5 secondes pour votre billet de loto.,
STRD_lotto_title,Loterie,
STRD_lotto_buyticket,Acheter Ticket,
STRD_lotto_cancel,Annuler,
STRS_workplacemission_weapon_alreadyhave,Vous avez deja une livraison d'armes. Obtenez l'arme %1,
STRS_workplacemission_weapon_startjob,Obtenez l'arme %1,
STRS_workplacemission_weapon_donthave,Vous n'avez pas de livraison d'armes,
STRS_workplacemission_weapon_finish,Vous avez livrer l'arme %1 et vous gagner $%2.,
STRS_workplacemission_weapon_cannotfinish,Vous n'avez pas cette arme : (%1). Revenez quand vous l'avez trouver.,
STRS_workplacemission_weapon_zeitsperre,"Vous devez attendre au moins %1 Minutes pour obtenir un nouveau contrat. ""Aiden petit zizi lololol""",
STRS_workplacemission_addaction_searchjob,Pole emploie,
STRS_workplacemission_addaction_searchjob_cancel,Annuler la recherche d'emploie,
STRS_workplacemission_delivery_finish,Vous avez terminer votre mission de livraison et vous avez obtenu $%1!,
STRS_workplacemission_deliverymsg_1,Voici les armes. Apportez les a %1.,
STRS_workplacemission_deliverymsg_2,Ce client %1 a besoin d'une livraison.,
STRS_workplacemission_deliverymsg_3,Prenez cette clé USB et l'amener a %1.,
STRS_workplacemission_deliverymsg_4,Un de nos clients %1 ceux ce paquet.,
STRS_workplacemission_deliverymsg_5,"Voici quelque documents livrer les a %1.",
STRS_workplacemission_deliverymsg_6,Voici quelque jeux video. Livrer les a %1.,
STRS_workplacemission_deliverymsg_7,Ce client %1 a besoin de stockage externe. Livrer lui !.,
STRS_workplacemission_deliverymsg_8,Prenez ce paquet et de le livrer a notre clientele au %1.,
STRS_workplacemission_deliverymsg_9,Il ya des documents secrets dans cette valise. Apportez-les a notre clientele au %1.,
STRS_workplacemission_deliverymsg_10,Ce paquet est pour un client a %1. Livrer lui !.,
STRS_workplacemission_searchjob_targetreached,Vous avez trouver l'objet que vous chercher. Rapporter le pour finir le travail.,
STRS_workplacemission_search_finish,Vous avez trouver la cible et vous avez recu $%1!,
STRS_workplacemission_searchmsg_1,Une voiture a ete abandonner dans la foret. Trouver la !.,
STRS_workplacemission_searchmsg_2,Un Helico ses ecraser dans la foret. Trouver la !.,
STRS_workplacemission_searchmsg_3,Un Ural (camion) a ete abandonner dans la foret. Trouver la !.,
STRS_workplacemission_delivery_finishaction,Mission de livraison terminer.!,
STRS_workplacemission_search_finishaction,Trouver cet objet !,
STRS_addaction_weaponjob_anfang,Obtenez un emploi de livraison d'armes,
STRS_workplacemission_weaponjob_ende,Mission de livraison d'arme terminer.,
STRS_workplacemission_already,Vous avez deja un emploi,
STRS_workplacemission_plane_nospace,Il n'y a pas de place dans votre vehicule pour vos passagers.,
STRS_workplacemission_taxi_action,Mission de Taxis,
STRS_workplacemission_taxi_cancelaction,Missions de Taxis terminer,
STRS_workplacemission_taxi_alreadyinuse,"Soit vous faites deja une mission de taxi, ou vous avez annuler la mission dans les dernieres %1 minutes, Vous ne pouvez pas reprendre une autre mission. ",
STRS_workplacemission_taxi_marker_kunde,Votre passager attend ici,
STRS_workplacemission_taxi_marker_ziel,Votre passager veux attendre ici,
STRS_workplacemission_taxi_begin,Un passager attend pour vous. Vous pouvez voir son / sa position sur la carte. Roulez environ 20 metres pres de lui / elle et il / elle montra a bord de votre vehicule automatiquement.,
STRS_workplacemission_taxi_wannagetin,Votre passager veux monter dans le vehicule Attendez le.,
STRS_workplacemission_taxi_target,Amenez-le a la position marquer sur la carte!,
STRS_workplacemission_taxi_success,Vous avez emmener le passager ou il voulait aller. Pour cette mission vous obtenet $%1. Un nouveau client vous contactera dans quelque seconde.,
STRS_workplacemission_taxi_failure,Either you or your passenger are dead. The Taxi-Mission is cancelled.,
STRS_workplacemission_taxi_canceled,Vous terminer la mission Taxis.,
STRS_workplacemission_taxi_nospace,Il n'y a pas de place dans votre vehicule pour votre passager.,
STRS_rennen_kein_vehicle,Vous devez etre le conducteur du vehicule.,
STRS_rennen_already_racemember,Vous avez deja rejoin la course.,
STRS_rennen_kein_fahrer,Vous devez etre le conducteur du vehicule.,
STRS_rennen_falsches_vcl,Vous n'etes pas autoriser a rejoindre la course avec ce vehicule!,
STRS_rennen_hat_angefangen,La course a deja commencer.,
STRS_rennen_no_racemoney,Vous ne pouvez pas faire cela.,
STRS_rennen_joinedrace,Vous rejoingner la course.,
STRS_rennen_tot,Vous etes mort la course est finit pour vous !.,
STRS_rennen_vcltot,Votre vehicule est detruit la course est finit pour vous !,
STRS_rennen_zuende,La course est terminer.,
STRS_rennen_pub_start1,Une course de rue va commencer dans 60 secondes..,
STRS_rennen_pub_start2,Une belle femme annonce le debut de la course. %1 conducteur s'affronte pour une somme de $%2.,
STRS_rennen_pub_ausgeschlossen,Vous n'etez pas sur la ligne de part vous etes eliminer !,
STRS_rennen_pub_record,Winners Temps: %1!!!,
STRS_rennen_pub_gewinnermeldung,La course est terminer le gagnant est %1 qui a fait toute la course en %2 secondes! %3,
STRS_rennen_pub_gewinner,Tu as gagner la course de rue ! Tu recoi $%1,
STRS_rennen_pub_abort,La course est annuler.,
STRS_Drugs_Plant_Marijuana,Vous avez planter un peu de weed.,
STRS_action_Drugs_MarijuanaBurn,Bruler Weed,
STRS_Drugs_Marijuana_NearlyReady,240 secondes avant que la weed soit seche.,
STRS_action_Drugs_MarijuanaHarvest,Recolter les tetes.,
STRS_Drugs_Marijuana_Ready,Plantation de Weed pret pour la recolte !!,
,,
STRS_mainmenu_MissionTutorial,"Dans ce petit tutoriel, nous allons expliquer les aspects fondamentaux de la mission . Pour plus d'informations visiter Chernarus sujet la vie sur les forums de BI ou jeter un oeil a la seance d'information . \ N \ n
- L'argent , les objets et l'inventaire : \ n
L'argent est l'une des choses importantes dans la vie Chernarus . Alors que les flics reçoivent leurs cheques de paie normale apres un certain temps , civilisations doivent travailler pour leur argent .
Moyens juridiques pour gagner de l'argent restent dans l'un des lieux de travail , acheter des travailleurs
Des moyens illegaux pour gagner de l'argent volent la banque , qui traite de la drogue ou voler d'autres joueurs . Plus d'informations sur les moyens de gagner de l'argent peut etre trouver dans le briefing .
L'argent et tous les autres elements seront stockes dans votre propre inventaire . Vous pouvez l'ouvrir en utilisant l'entrer correspondante dans le menu de votre action. Les articles peuvent etre utilises , supprimes ou donnes a d'autres joueurs . Informations sur les elements peut etre vu dans l'inventaire .
Tous les magasins ou vous pouvez acheter et vendre des articles sont indiques sur la carte (les articles sont des vehicules , des armes et d'autres objets tels que des kits de reparation ... ) . Gardez a l'esprit que vous devez acheter une licence pour les armes et quelques autres articles avant que vous soyez en mesure de les acheter .
Lorsque vous mourrez, vous vous perdez inventaire entier. Afin d'economiser votre argent et les articles que vous pouvez les stocker dans votre compte de banque , a votre repaire ou d'autres entrepots .
Si vous perdez votre connexion a votre compte est enregistrer sur le serveur afin que vous gardez votre argent apres une reconnexion . Les licences sont egalement enregistres . ,
Notez que toutes les informations enregistrers sont perdues lorsque le serveur redemarre ou les modifications de la carte . \ N \ n ,
- Un mot sur les armes et les vehicules : \ n ,
Vous devriez toujours rengainer vos armes en utilisant le menu d'animation qui se trouve dans le menu de votre action. En effectuant flics d'armes degainer vous voir comme une menace et vous attaquer . ,
L'utilisation d'un vehicule vous devez toujours vous assurer que vous etes au volant sur le coter droit de la route et faites attention aux points de controle de police . Notez que votre vehicule peut etre verrouiller a l'aide de l'entrer de l'action ou le trousseau en vous l'inventaire . \ n \ n ,
- Pour commencer: \ n ,
Comme un flic vous devriez toujours communiquer avec les autres personnes. Avertir avant de filmer et d' essayer d'etourdir au lieu de tuer des civils . La premiere chose que vous devez faire est d'obtenir un pistolet paralysant , d'autres armes et un vehicule .
En civ vous etes tres bas sur l'argent . Vous devez acheter un permis de conduire et un petit vehicule pour se rendre a un lieu de travail et faire quelques travaux ou d'y rester pendant un certain temps . Quand avoir assez d'argent , vous pouvez acheter les lieux de travail , magasins ou autres choses pour obtenir un revenu ..",
,,
STRS_mainmenu_AboutThisMission,A propos de cette mission: \n,
STRS_mainmenu_FAQ,Question frequente:\n,
STRD_mainmenu_description_close,Fermer,
STRD_cam_description_header,Free cam,
STRD_cam_description_100north,100m Nord,
STRD_cam_description_100south,100m Sud,
STRD_cam_description_100west,100m Ouest,
STRD_cam_description_100east,100m Est,
STRD_cam_description_halt,Stop,
STRD_cam_description_zoomin,Zoom avant,
STRD_cam_description_zoomout,Zoom arriere,
STRD_cam_description_resetbright,Luminositer auto,
STRD_cam_description_nvgon,Vision nocturne on,
STRD_cam_description_nvgoff,Vision nocturne off,
STRS_item_gasmask_info,Si vous mettez ce masque a gaz, aucun gaz ne peux vous atteindre.,
STRS_item_gasmask,Masque a gaz,
STRS_object_shop,deposer les articles dans cette boutique et d'autres joueurs seront en mesure de les acheter.,
STRS_need_pistol_license,Vous avez besoin d'une licence de pistolet!,
STRS_not_enough_money_riflelicense,Vous n'avez pas asser d'argent.,
STRS_recieved_rifle_license,Vous venez de recevoir la license de fusil semi-automatique.,
STRS_veh_pistol,Cacher pistolet,
STRS_mafia_hosmes,Les murs ont des oreilles. Des homme en costumes noirs vous cherche. Mefiez vous des ravisseurs faite profil bas ou obtenet l'aide de la police.,
STRS_mafia_died,"L'homme qui vous suiver semble etre mort. Vous etes en securiter. C'est bon .. pour l'instant.",
STRS_mafia_away,"Les hommes en costume noir arette de vous chercher. Beau travail!",
STRS_inv_shopdialog_money,,
STRS_inv_item_ration,,
STRS_inv_item_ration_info,,
STRS_inv_item_searchlight_info,,
STRS_inv_item_marijuana,,
STRS_inv_item_drugshed,,
STRS_inv_item_shed_info,,
STRS_inv_item_BigbagfenceCorner,,
STRS_inv_item_bigbagfence,,
STRS_inv_item_bigbagfenceRound,,
STRS_inv_item_bunkersmall,,
STRS_inv_item_danger,,
STRS_inv_item_roadcone,,
STRS_inv_item_factory,,
STRS_inv_item_officebuilding,,
STRS_inv_item_barrack,,
STRS_inv_item_smallhouse,,
STRS_inv_item_smallhouse2,,
STRS_inv_item_mariseed,,
STRS_inv_item_seed_info,,
STRS_inv_item_land_ladder_half,,
STRS_give_minus_then,Vous ne pouvez pas donner un montant iferieure.,
STRS_maincivrules,"",
